{
  "id": "2636137",
  "name": "点赞",
  "font_family": "iconfont",
  "css_prefix_text": "icon-",
  "description": "",
  "glyphs": [
    {
      "icon_id": "6574131",
      "name": "小眼睛",
      "font_class": "xiaoyanjing",
      "unicode": "e61c",
      "unicode_decimal": 58908
    },
    {
      "icon_id": "15346611",
      "name": "换一换",
      "font_class": "huanyihuan",
      "unicode": "e6a9",
      "unicode_decimal": 59049
    },
    {
      "icon_id": "77697",
      "name": "点赞",
      "font_class": "dianzan",
      "unicode": "e600",
      "unicode_decimal": 58880
    }
  ]
}
